{"cameraMode":{"drawMode":0,"name":"Shaded","section":"Shading Mode"},"sceneLighting":false,"audioPlay":false,"sceneViewState":{"m_AlwaysRefresh":false,"showFog":false,"showSkybox":false,"showFlares":false,"showImageEffects":false,"showParticleSystems":false,"showVisualEffectGraphs":true,"m_FxEnabled":true},"in2DMode":false,"pivot":{"x":0.036714233458042148,"y":1.291175127029419,"z":-0.13008306920528413},"rotation":{"x":-0.0001402947964379564,"y":0.9986690878868103,"z":-0.051577065140008929,"w":-0.002696008188650012},"size":0.8758371472358704,"orthographic":false}