{"cameraMode":{"drawMode":0,"name":"Shaded","section":"Shading Mode"},"sceneLighting":false,"audioPlay":false,"sceneViewState":{"m_AlwaysRefresh":false,"showFog":false,"showSkybox":false,"showFlares":false,"showImageEffects":false,"showParticleSystems":false,"showVisualEffectGraphs":true,"m_FxEnabled":true},"in2DMode":false,"pivot":{"x":0.19270619750022889,"y":1.2141059637069703,"z":-0.2869219183921814},"rotation":{"x":0.0000654066025163047,"y":0.9972361922264099,"z":-0.07433155179023743,"w":0.0008980034617707133},"size":0.7549431324005127,"orthographic":false}