{"cameraMode":{"drawMode":0,"name":"Shaded","section":"Shading Mode"},"sceneLighting":true,"audioPlay":false,"sceneViewState":{"m_AlwaysRefresh":false,"showFog":true,"showSkybox":true,"showFlares":true,"showImageEffects":true,"showParticleSystems":true,"showVisualEffectGraphs":true,"m_FxEnabled":true},"in2DMode":false,"pivot":{"x":1.0170443058013917,"y":-0.4652847945690155,"z":-8.894732475280762},"rotation":{"x":0.0000654066025163047,"y":0.9972361922264099,"z":-0.07433155179023743,"w":0.0008980034617707133},"size":7.143502235412598,"orthographic":false}