{"cameraMode":{"drawMode":0,"name":"Shaded","section":"Shading Mode"},"sceneLighting":false,"audioPlay":false,"sceneViewState":{"m_AlwaysRefresh":false,"showFog":false,"showSkybox":false,"showFlares":false,"showImageEffects":false,"showParticleSystems":false,"showVisualEffectGraphs":true,"m_FxEnabled":true},"in2DMode":false,"pivot":{"x":-0.26382243633270266,"y":0.2737210988998413,"z":-3.1217660903930666},"rotation":{"x":-0.016976434737443925,"y":0.9656133055686951,"z":-0.2510923147201538,"w":-0.06527704000473023},"size":5.454712390899658,"orthographic":false}