{"cameraMode":{"drawMode":0,"name":"Shaded","section":"Shading Mode"},"sceneLighting":false,"audioPlay":false,"sceneViewState":{"m_AlwaysRefresh":false,"showFog":false,"showSkybox":false,"showFlares":false,"showImageEffects":false,"showParticleSystems":false,"showVisualEffectGraphs":true,"m_FxEnabled":true},"in2DMode":false,"pivot":{"x":-0.5267619490623474,"y":0.8412707448005676,"z":-0.5323335528373718},"rotation":{"x":-0.021003132686018945,"y":0.9439627528190613,"z":-0.06125404313206673,"w":-0.32364675402641299},"size":0.7414329051971436,"orthographic":false}