{"cameraMode":{"drawMode":0,"name":"Shaded","section":"Shading Mode"},"sceneLighting":false,"audioPlay":false,"sceneViewState":{"m_AlwaysRefresh":false,"showFog":false,"showSkybox":false,"showFlares":false,"showImageEffects":false,"showParticleSystems":false,"showVisualEffectGraphs":true,"m_FxEnabled":true},"in2DMode":false,"pivot":{"x":-0.15248894691467286,"y":0.9838123321533203,"z":-0.1863701045513153},"rotation":{"x":-0.0035970634780824186,"y":0.9961153864860535,"z":-0.07304614037275315,"w":-0.04905233159661293},"size":0.7710049152374268,"orthographic":false}