{"cameraMode":{"drawMode":0,"name":"Shaded","section":"Shading Mode"},"sceneLighting":false,"audioPlay":false,"sceneViewState":{"m_AlwaysRefresh":false,"showFog":true,"showSkybox":false,"showFlares":true,"showImageEffects":true,"showParticleSystems":true,"showVisualEffectGraphs":true,"m_FxEnabled":true},"in2DMode":false,"pivot":{"x":0.0030043721199035646,"y":0.9400455355644226,"z":-0.07260313630104065},"rotation":{"x":0.17161066830158235,"y":0.1299184113740921,"z":-0.02283862791955471,"w":0.9762961268424988},"size":1.2555456161499024,"orthographic":false}